,,,http://swgoh.gg/,,,,
Power,,,Set,Primaries,Secondaries,URL,
0-0-0,5,0-0-0,,,,http://swgoh.gg/characters/0-0-0/,
50r-t,,50r-t,,,,http://swgoh.gg/characters/50r-t/,
aayla secura,3,aayla secura,"CC,CD","off,speed,def,CD,prot,pot","ten,speed,pot,off,off",http://swgoh.gg/characters/aayla-secura/,
admiral ackbar,,admiral ackbar,"speed,ten","off,CA,def,health,health,ten","ten,speed,health,health,prot",http://swgoh.gg/characters/admiral-ackbar/,
admiral piett,8,admiral piett,"speed,pot","off,speed,def,health,health,pot","speed,pot,ten,health,health",http://swgoh.gg/characters/admiral-piett/,
admiral raddus,9,admiral raddus,,,,http://swgoh.gg/characters/admiral-raddus/,
ahsoka tano,,ahsoka tano,"CD,health","off,speed,def,CD,health,ten","health,health,ten,speed,CC",http://swgoh.gg/characters/ahsoka-tano/,
ahsoka tano (fulcrum),,ahsoka tano (fulcrum),,,,http://swgoh.gg/characters/ahsoka-tano-fulcrum/,
amilyn holdo,5,amilyn holdo,,,,http://swgoh.gg/characters/amilyn-holdo/,
arc trooper,8,arc trooper,"CC,CD","off,speed,def,CD,prot,off","speed,CC,off,off,prot",http://swgoh.gg/characters/arc-trooper/,
asajj ventress,,asajj ventress,"CD,pot","off,speed,def,CD,health,pot","speed,off,off,health,health",http://swgoh.gg/characters/asajj-ventress/,
aurra sing,6,aurra sing,"CC,CD","off,speed,def,CD,prot,pot","CC,off,off,speed,ten",http://swgoh.gg/characters/aurra-sing/,
b1 battle droid,,b1 battle droid,"speed,pot","off,off,def,off,prot,pot","pot,off,off,speed,ten",http://swgoh.gg/characters/b1-battle-droid/,
b2 super battle droid,,b2 super battle droid,"pot,health,health","off,health,def,health,health,pot","pot,health,health,def,def",http://swgoh.gg/characters/b2-super-battle-droid/,
barriss offee,,barriss offee,"def,def,def","off,health,def,health,health,ten","health,health,speed,def,def",http://swgoh.gg/characters/barriss-offee/,
bastila shan,,bastila shan,"health,off","off,speed,def,off,prot,prot","speed,health,health,off,off",http://swgoh.gg/characters/bastila-shan/,
bastila shan (fallen),,bastila shan (fallen),,,,http://swgoh.gg/characters/bastila-shan-fallen/,
baze malbus,,baze malbus,,,,http://swgoh.gg/characters/baze-malbus/,
bb-8,7,bb-8,"speed,pot","off,speed,def,CC,health,ten","ten,pot,speed,health,health",http://swgoh.gg/characters/bb-8/,
ben solo,,ben solo,CC/CD - off/pot,,,http://swgoh.gg/characters/ben-solo/,
biggs darklighter,3,biggs darklighter,"CC,CD","off,speed,def,CD,prot,ten","pot,ten,speed,off,off",http://swgoh.gg/characters/biggs-darklighter/,
bistan,5,bistan,,,,http://swgoh.gg/characters/bistan/,
bo-katan kryze,5,bo-katan kryze,"CC,CD","off,speed,def,CD,health,pot","pot,speed,CC,ten,health",http://swgoh.gg/characters/bo-katan-kryze/,
boba fett,8,boba fett,"pot,speed","off,speed,def,CD,prot,pot","CC,speed,off,pot,off",http://swgoh.gg/characters/boba-fett/,
"boba fett, scion of jango",,"boba fett, scion of jango",,,,http://swgoh.gg/characters/boba-fett-scion-of-jango/,
bodhi rook,,bodhi rook,"speed,def","off,speed,def,health,prot,pot","pot,ten,speed,health,health",http://swgoh.gg/characters/bodhi-rook/,
bossk,5,bossk,"health,ten,ten","off,speed,def,prot,prot,ten","prot,prot,ten,speed,def",http://swgoh.gg/characters/bossk/,
boushh (leia organa),5,boushh (leia organa),,,,http://swgoh.gg/characters/boushh-leia-organa/,
bt-1,5,bt-1,,,,http://swgoh.gg/characters/bt-1/,
c-3po,7,c-3po,"pot,pot,health","health,speed,def,prot,prot,pot","ten,speed,pot,prot,prot",http://swgoh.gg/characters/c-3po/,
cad bane,5,cad bane,"CC,CD","off,speed,def,CD,prot,pot","CC,speed,prot,prot,pot",http://swgoh.gg/characters/cad-bane/,
canderous ordo,,canderous ordo,"off,pot","off,speed,def,off,health,pot","ten,speed,CC,off,off",http://swgoh.gg/characters/canderous-ordo/,
captain han solo,3,captain han solo,"CC,speed","off,speed,def,health,health,ten","ten,speed,health,health,def",http://swgoh.gg/characters/captain-han-solo/,
captain phasma,5,captain phasma,"speed,pot","off,speed,def,CD,prot,pot","pot,ten,speed,prot,prot",http://swgoh.gg/characters/captain-phasma/,
cara dune,,cara dune,"def,def,def","off,CA,def,health,health,pot","pot,ten,speed,health,health",http://swgoh.gg/characters/cara-dune/,
carth onasi,,carth onasi,"CD,health","off,speed,def,CD,prot,ten","pot,ten,speed,off,off",http://swgoh.gg/characters/carth-onasi/,
cassian andor,8,cassian andor,,,,http://swgoh.gg/characters/cassian-andor/,
"cc-2224 ""cody""",5,"cc-2224 ""cody""","CC,speed","off,speed,def,prot,pot","pot,ten,speed,CC,prot",http://swgoh.gg/characters/cc-2224-cody/,
chewbacca,6,chewbacca,"CC,CD","health,speed,defense,CD,health,ten","speed,pot,ten,prot,prot",http://swgoh.gg/characters/chewbacca/,
chief chirpa,,chief chirpa,"speed,health","off,speed,def,CC,health,ten","speed,ten,health,health,CC",http://swgoh.gg/characters/chief-chirpa/,
chief nebit,,chief nebit,"ten,health,health","off,health,def,health,health,ten","ten,health,health,def,def",http://swgoh.gg/characters/chief-nebit/,
chirrut îmwe,,chirrut îmwe,,,,http://swgoh.gg/characters/chirrut-imwe/,
chopper,,chopper,"def,speed","off,speed,def,health,health,ten","health,health,ten,def,speed",http://swgoh.gg/characters/chopper/,
clone sergeant - phase i,5,clone sergeant - phase i,"CC,CD","off,speed,def,CD,prot,pot","pot,ten,speed,off,off",http://swgoh.gg/characters/clone-sergeant-phase-i/,#REF!
clone wars chewbacca,,clone wars chewbacca,,,,http://swgoh.gg/characters/clone-wars-chewbacca/,
colonel starck,3,colonel starck,"speed,pot","off,speed,def,health,health,pot","speed,ten,pot,health,health",http://swgoh.gg/characters/colonel-starck/,
commander ahsoka tano,,commander ahsoka tano,"speed,health","off,speed,def,CD,prot,ten","ten,speed,CC,off,off",http://swgoh.gg/characters/commander-ahsoka-tano/,
commander luke skywalker,3,commander luke skywalker,"ten,off","off,speed,def,CD,prot,ten","speed,ten,pot,health,health",http://swgoh.gg/characters/commander-luke-skywalker/,
coruscant underworld police,,coruscant underworld police,,,,http://swgoh.gg/characters/coruscant-underworld-police/,
count dooku,8,count dooku,"speed,pot","off,speed,def,prot,prot,pot","speed,pot,ten,off,off",http://swgoh.gg/characters/count-dooku/,
"ct-21-0408 ""echo""",7,"ct-21-0408 ""echo""","CD,CC","off,off,def,CD,health,pot","speed,ten,off,off,CC",http://swgoh.gg/characters/ct-21-0408-echo/,
"ct-5555 ""fives""",,"ct-5555 ""fives""","health,health,health","off,speed,def,off,prot,prot","off,off,prot,speed,prot",http://swgoh.gg/characters/ct-5555-fives/,
"ct-7567 ""rex""",,"ct-7567 ""rex""","CC,speed","off,speed,def,CC,health,pot","CC,off,off,ten,speed",http://swgoh.gg/characters/ct-7567-rex/,
dark trooper,,dark trooper,"off,def","off,speed,def,off,health,ten","off,off,ten,speed,def",http://swgoh.gg/characters/dark-trooper/,
darth malak,,darth malak,,,,http://swgoh.gg/characters/darth-malak/,
darth malgus,,darth malgus,,,,http://swgoh.gg/characters/darth-malgus/,
darth maul,4,darth maul,"CD,health","off,speed,def,CD,health,pot","pot,ten,speed,off,off",http://swgoh.gg/characters/darth-maul/,
darth nihilus,,darth nihilus,"speed,ten","off,speed,def,health,health,ten","pot,ten,speed,health,health",http://swgoh.gg/characters/darth-nihilus/,
darth revan,,darth revan,,,,http://swgoh.gg/characters/darth-revan/,
darth sidious,7,darth sidious,"CD,pot","off,speed,def,CD,health,pot","pot,ten,speed,off,off",http://swgoh.gg/characters/darth-sidious/,
darth sion,,darth sion,"def,def,pot","off,speed,def,health,prot,pot","pot,speed,prot,prot,health",http://swgoh.gg/characters/darth-sion/,
darth talon,5,darth talon,,,,http://swgoh.gg/characters/darth-talon/,
darth traya,,darth traya,"health,def,pot","off,health,def,health,health,pot","pot,ten,speed,health,health",http://swgoh.gg/characters/darth-traya/,
darth vader,7,darth vader,"CC,CD","off,speed,def,CD,health,pot","pot,off,speed,CC,off",http://swgoh.gg/characters/darth-vader/,
dash rendar,7,dash rendar,,,,http://swgoh.gg/characters/dash-rendar/,
dathcha,,dathcha,"CC,CD","off,off,def,CD,prot,pot","pot,CC,CD,off,off,speed",http://swgoh.gg/characters/dathcha/,
death trooper,,death trooper,"CC,CD","off,speed,def,CD,health,pot","speed,CC,pot,off,off",http://swgoh.gg/characters/death-trooper/,
dengar,5,dengar,"CC,ten,pot","off,speed,def,CC,prot,ten","speed,CC,pot,prot,prot",http://swgoh.gg/characters/dengar/,
director krennic,4,director krennic,"CC,CD","off,speed,def,CD,health,pot","pot,speed,CC,ten,health",http://swgoh.gg/characters/director-krennic/,
doctor aphra,,,"off,health","off,health,def,health,health,ten","ten,health,off,health,off",http://swgoh.gg/characters/doctor-aphra/,
droideka,,droideka,"speed,health","off,speed,def,prot,prot,pot","speed,ten,health,health,prot",http://swgoh.gg/characters/droideka/,
echo,5,echo,"speed,pot","off,speed,def,CD,prot,pot","speed,pot,CC,prot,prot",http://swgoh.gg/characters/echo/,
eeth koth,,eeth koth,,,,http://swgoh.gg/characters/eeth-koth/,
eighth brother,5,eighth brother,"CC,CD","off,speed,def,CD,prot,ten","CC,prot,prot,speed,ten",http://swgoh.gg/characters/eighth-brother/,
embo,5,embo,"speed,pot","off,speed,def,prot,prot,pot","pot,prot,prot,health,speed",http://swgoh.gg/characters/embo/,
emperor palpatine,7,emperor palpatine,"ten,ten,ten","off,CA,def,CD,health,ten","pot,ten,health,health,prot",http://swgoh.gg/characters/emperor-palpatine/,
enfys nest,,enfys nest,"ten,health,health","off,speed,def,health,health,ten","speed,ten,health,health,CC",http://swgoh.gg/characters/enfys-nest/,
ewok elder,,ewok elder,,,,http://swgoh.gg/characters/ewok-elder/,
ewok scout,,ewok scout,"CC,CD","off,speed,def,CD,health,ten","off,off,ten,CC,speed",http://swgoh.gg/characters/ewok-scout/,
ezra bridger,,ezra bridger,"ten,ten,ten","off,CA,def,CD,health,ten","pot,ten,health,health,prot",http://swgoh.gg/characters/ezra-bridger/,
fennec shand,7,fennec shand,,,,http://swgoh.gg/characters/fennec-shand/,
fifth brother,5,fifth brother,"speed,def","off,speed,def,health,health,pot","speed,pot,ten,health,health",http://swgoh.gg/characters/fifth-brother/,
finn,5,finn,"health,CC,health","off,speed,defense,CD,health,ten","ten,speed,health,health,CC",http://swgoh.gg/characters/finn/,
first order executioner,5,first order executioner,"speed,pot","off,speed,def,CD,prot,ten","pot,speed,prot,prot,off",http://swgoh.gg/characters/first-order-executioner/,
first order officer,5,first order officer,"CD,pot","off,speed,def,CD,prot,pot","ten,pot,speed,off,off",http://swgoh.gg/characters/first-order-officer/,
first order sf tie pilot,3,first order sf tie pilot,"ten,def,def","off,health,def,health,health,pot","ten,health,health,speed,def",http://swgoh.gg/characters/first-order-sf-tie-pilot/,
first order stormtrooper,5,first order stormtrooper,"CD,pot","off,speed,def,CD,prot,ten","ten,pot,off,off,speed",http://swgoh.gg/characters/first-order-stormtrooper/,
first order tie pilot,3,first order tie pilot,,,,http://swgoh.gg/characters/first-order-tie-pilot/,
gamorrean guard,3,gamorrean guard,"health,pot,ten","off,speed,def,CD,health,pot","off,speed,def,CD,health,pot",http://swgoh.gg/characters/gamorrean-guard/,
gar saxon,,gar saxon,"pot,def,def","off,off,def,health,health,pot","off,off,health,health,speed",http://swgoh.gg/characters/gar-saxon/,
"garazeb ""zeb"" orrelios",,"garazeb ""zeb"" orrelios","health,health,health","off,health,def,health,health,health","health,health,pot,def,speed",http://swgoh.gg/characters/garazeb-zeb-orrelios/,
general grievous,7,general grievous,"speed,ten","off,speed,def,prot,prot,prot","speed,ten,prot,prot,health",http://swgoh.gg/characters/general-grievous/,
general hux,5,general hux,"health,health,def","off,speed,def,health,health,ten","health,health,ten,def,def",http://swgoh.gg/characters/general-hux/,
general kenobi,8,general kenobi,"CC,CD","off,speed,def,CD,prot,prot","prot,prot,speed,off,off",http://swgoh.gg/characters/general-kenobi/,
general skywalker,8,general skywalker,"speed,pot","off,speed,def,prot,prot,ten","speed,prot,prot,ten,pot",http://swgoh.gg/characters/general-skywalker/,
general veers,3,general veers,"speed,def","off,CA,def,def,prot,ten","ten,speed,def,def,prot",http://swgoh.gg/characters/general-veers/,
geonosian brood alpha,,geonosian brood alpha,"CD,CC","off,speed,def,CD,prot,ten","ten,CC,speed,def,def",http://swgoh.gg/characters/geonosian-brood-alpha/,
geonosian soldier,,geonosian soldier,"CC,CD","off,speed,def,CD,prot,ten","pot,CC,speed,off,off",http://swgoh.gg/characters/geonosian-soldier/,
geonosian spy,,geonosian spy,"speed,health","off,speed,def,health,prot,ten","speed,prot,prot,health,health",http://swgoh.gg/characters/geonosian-spy/,
grand admiral thrawn,6,grand admiral thrawn,,,,http://swgoh.gg/characters/grand-admiral-thrawn/,
grand inquisitor,,grand inquisitor,"speed,ten","off,speed,def,off,health,ten","pot,speed,ten,health,health",http://swgoh.gg/characters/grand-inquisitor/,
grand master yoda,8,grand master yoda,"pot,speed","off,speed,def,health,health,pot","speed,pot,health,health,ten",http://swgoh.gg/characters/grand-master-yoda/,
grand moff tarkin,7,grand moff tarkin,"CC,CD","off,speed,def,CD,prot,pot","speed,pot,ten,prot,prot",http://swgoh.gg/characters/grand-moff-tarkin/,
greedo,6,greedo,"speed,health","off,speed,def,prot,prot,ten","speed,ten,prot,prot,health",http://swgoh.gg/characters/greedo/,
greef karga,,greef karga,"health,CD","health,off,defense,CD,health,pot","speed,off,off,pot,ten",http://swgoh.gg/characters/greef-karga/,
han solo,8,han solo,"health,speed","off,speed,def,health,health,pot","speed,pot,health,health,def",http://swgoh.gg/characters/han-solo/,
hera syndulla,5,hera syndulla,"speed,health","off,speed,health,health,ten","speed,health,health,ten,def",http://swgoh.gg/characters/hera-syndulla/,
hermit yoda,5,hermit yoda,,,,http://swgoh.gg/characters/hermit-yoda/,
hk-47,,hk-47,,,,http://swgoh.gg/characters/hk-47/,
hondo ohnaka,5,hondo ohnaka,"CC,CD","off,speed,def,CD,prot,pot","CC,speed,off,off,pot",http://swgoh.gg/characters/hondo-ohnaka/,
hoth rebel scout,,hoth rebel scout,"def,ten,pot","off,speed,def,health,health,ten","pot,speed,CC,health,health",http://swgoh.gg/characters/hoth-rebel-scout/,
hoth rebel soldier,,hoth rebel soldier,"CC,CD","off,speed,def,CD,prot,ten","CC,off,off,prot,prot",http://swgoh.gg/characters/hoth-rebel-soldier/,
hunter,5,hunter,,,,http://swgoh.gg/characters/hunter/,
iden versio,,iden versio,"health,health,pot","off,health,def,health,health,pot","health,health,speed,pot,off",http://swgoh.gg/characters/iden-versio/,
ig-100 magnaguard,5,ig-100 magnaguard,"health,health,pot","off,health,def,health,health,ten","pot,ten,speed,health,health",http://swgoh.gg/characters/ig-100-magnaguard/,
ig-11,,ig-11,,,,http://swgoh.gg/characters/ig-11/,
ig-86 sentinel droid,,ig-86 sentinel droid,"CD,CC","off,speed,def,CD,health,pot","speed,pot,ten,CC,health",http://swgoh.gg/characters/ig-86-sentinel-droid/,
ig-88,5,ig-88,"health,health,health","off,health,def,health,health,ten",,http://swgoh.gg/characters/ig-88/,
ima-gun di,,ima-gun di,"pot,health,health","off,speed,def,health,health,pot","speed,pot,ten,health,health",http://swgoh.gg/characters/ima-gun-di/,
imperial probe droid,,imperial probe droid,"CD,pot","off,speed,def,CD,health,pot","ten,speed,CC,off,off",http://swgoh.gg/characters/imperial-probe-droid/,
imperial super commando,,imperial super commando,,,,http://swgoh.gg/characters/imperial-super-commando/,
jabba the hutt,,jabba the hutt,"speed,pot","off,speed,def,CD,prot,pot","speed,pot,off,off,CC",http://swgoh.gg/characters/jabba-the-hutt/,
jango fett,7,jango fett,"CC,CD","off,off,def,CD,prot,pot","pot,CC,CD,off,off,speed",http://swgoh.gg/characters/jango-fett/,
jawa,3,jawa,"health,speed","off,speed,def,prot,prot,ten","speed,ten,prot,prot,def",http://swgoh.gg/characters/jawa/,
jawa engineer,,jawa engineer,"def,def,def","off,speed,def,prot,prot,ten","prot,prot,CC,ten,def",http://swgoh.gg/characters/jawa-engineer/,
jawa scavenger,,jawa scavenger,"health,health,def","off,speed,def,health,health,ten","ten,speed,health,health,off",http://swgoh.gg/characters/jawa-scavenger/,
jedi consular,,jedi consular,"health,CD","off,speed,def,CD,health,pot","pot,speed,CC,off,off",http://swgoh.gg/characters/jedi-consular/,
jedi knight anakin,7,jedi knight anakin,"def,def,def","off,CA,def,health,health,pot","pot,ten,def,def,health",http://swgoh.gg/characters/jedi-knight-anakin/,
jedi knight guardian,,jedi knight guardian,"CD,CC","off,speed,def,prot,pot","pot,ten,speed,CC,prot",http://swgoh.gg/characters/jedi-knight-guardian/,
jedi knight luke skywalker,7,jedi knight luke skywalker,"speed,health","off,speed,def,CD,health,ten","ten,CC,speed,off,off",http://swgoh.gg/characters/jedi-knight-luke-skywalker/,
jedi knight revan,,jedi knight revan,"speed,health","off,speed,def,CD,health,ten","ten,pot,speed,health,health",http://swgoh.gg/characters/jedi-knight-revan/,
jedi master kenobi,,jedi master kenobi,"speed,health","off,speed,def,prot,prot,pot","ten,pot,speed,prot,prot",http://swgoh.gg/characters/jedi-master-kenobi/,
jedi master luke skywalker,,jedi master luke skywalker,"health,health,health","off,speed,def,health,health,health","speed,health,health,ten,def",http://swgoh.gg/characters/jedi-master-luke-skywalker/,
jolee bindo,,jolee bindo,"CC,health,def","off,health,def,CC,prot,pot","pot,CC,health,health,def",http://swgoh.gg/characters/jolee-bindo/,
juhani,,juhani,,,,http://swgoh.gg/characters/juhani/,
jyn erso,5,jyn erso,,,,http://swgoh.gg/characters/jyn-erso/,
k-2so,,k-2so,"def,def,def","off,health,def,health,health,ten","CC,health,health,def,def",http://swgoh.gg/characters/k-2so/,
kanan jarrus,,kanan jarrus,"off,health","off,speed,def,off,health,pot","speed,ten,off,off,health",http://swgoh.gg/characters/kanan-jarrus/,
ki-adi-mundi,,ki-adi-mundi,"speed,health","off,speed,def,off,health,ten","speed,ten,off,off,health",http://swgoh.gg/characters/ki-adi-mundi/,
kit fisto,,kit fisto,,,,http://swgoh.gg/characters/kit-fisto/,
krrsantan,5,krrsantan,"speed,health","off,speed,def,prot,pot","ten,pot,speed,prot,prot",http://swgoh.gg/characters/krrsantan/,
kuiil,,kuiil,,,,http://swgoh.gg/characters/kuiil/,
kyle katarn,5,kyle katarn,,,,http://swgoh.gg/characters/kyle-katarn/,
kylo ren,7,kylo ren,"def,def,def","off,health,def,health,health,health","health,health,def,def,ten",http://swgoh.gg/characters/kylo-ren/,
kylo ren (unmasked),7,kylo ren (unmasked),"health,health,def","off,CA,def,CC,prot,pot","speed,ten,health,health,CC",http://swgoh.gg/characters/kylo-ren-unmasked/,
l3-37,,l3-37,"CC,CD","off,speed,def,CD,prot,ten","ten,speed,off,off,prot",http://swgoh.gg/characters/l3-37/,
lando calrissian,5,lando calrissian,,,,http://swgoh.gg/characters/lando-calrissian/,
lobot,,lobot,"pot,health,def","off,speed,def,health,health,pot","speed,pot,ten,health,CC",http://swgoh.gg/characters/lobot/,
logray,,logray,,,,http://swgoh.gg/characters/logray/,
lord vader,,lord vader,"CD,CC","off,speed,def,CD,prot,pot","pot,ten,speed,off,off",http://swgoh.gg/characters/lord-vader/,
luke skywalker (farmboy),,luke skywalker (farmboy),"health,health,health","off,health,def,health,health,ten","health,health,speed,ten,pot",http://swgoh.gg/characters/luke-skywalker-farmboy/,
luminara unduli,,luminara unduli,"def,speed","off,speed,def,off,health,ten","ten,health,health,speed,off",http://swgoh.gg/characters/luminara-unduli/,
mace windu,3,mace windu,"health,pot,ten","off,speed,def,off,prot,ten","pot,off,off,health,health",http://swgoh.gg/characters/mace-windu/,
magmatrooper,,magmatrooper,"pot,speed",,,http://swgoh.gg/characters/magmatrooper/,
"mara jade, the emperor's hand",5,"mara jade, the emperor's hand",,,,http://swgoh.gg/characters/mara-jade-the-emperors-hand/,
maul,,maul,"CD,CC","off,speed,def,CD,prot,pot","ten,speed,CC,off,off",http://swgoh.gg/characters/maul/,
mission vao,,mission vao,,,,http://swgoh.gg/characters/mission-vao/,
mob enforcer,3,mob enforcer,"speed,health","off,speed,def,health,health,pot","speed,pot,ten,health,health",http://swgoh.gg/characters/mob-enforcer/,
moff gideon,,moff gideon,"def,ten,health","off,speed,def,prot,health,ten","health,health,speed,ten,pro",http://swgoh.gg/characters/moff-gideon/,
mon mothma,5,mon mothma,"speed,health","off,speed,def,health,health,pot","speed,pot,health,health,ten",http://swgoh.gg/characters/mon-mothma/,
mother talzin,,mother talzin,"CC,CD","off,speed,def,CD,health,ten","speed,ten,off,off,health",http://swgoh.gg/characters/mother-talzin/,
nightsister acolyte,,nightsister acolyte,"off,health","off,speed,def,off,health,pot","speed,pot,off,off,health",http://swgoh.gg/characters/nightsister-acolyte/,
nightsister initiate,,nightsister initiate,,,,http://swgoh.gg/characters/nightsister-initiate/,
nightsister spirit,,nightsister spirit,"speed,health","off,speed,def,health,health,ten","speed,health,health,ten,pot",http://swgoh.gg/characters/nightsister-spirit/,
nightsister zombie,,nightsister zombie,,,,http://swgoh.gg/characters/nightsister-zombie/,
ninth sister,5,ninth sister,"pot,speed","off,speed,def,prot,prot,pot","speed,pot,ten,prot,prot",http://swgoh.gg/characters/ninth-sister/,
nute gunray,7,nute gunray,"def,def,pot","off,CA,def,health,prot,ten","pot,ten,health,health,def",http://swgoh.gg/characters/nute-gunray/,
obi-wan kenobi (old ben),5,obi-wan kenobi (old ben),"speed,health","off,speed,def,health,health,health","speed,pot,health,health,def",http://swgoh.gg/characters/obi-wan-kenobi-old-ben/,
old daka,,old daka,,,,http://swgoh.gg/characters/old-daka/,
omega,,omega,"health,health,ten","off,speed,def,health,health,ten","pot,speed,health,health,def",http://swgoh.gg/characters/omega/,
padmé amidala,8,padmé amidala,,,,http://swgoh.gg/characters/padme-amidala/,
pao,,pao,"ten,health,def","off,health,def,health,prot,ten","speed,ten,CC,health,health",http://swgoh.gg/characters/pao/,
paploo,,paploo,"pot,ten,def","off,speed,def,health,health,pot","pot,ten,speed,def,def",http://swgoh.gg/characters/paploo/,
plo koon,,plo koon,"speed,pot","off,speed,def,prot,prot,ten","pot,ten,speed,prot,prot",http://swgoh.gg/characters/plo-koon/,
poe dameron,5,poe dameron,"speed,pot","off,speed,def,def,prot,pot","speed,ten,pot,def,def",http://swgoh.gg/characters/poe-dameron/,
poggle the lesser,,poggle the lesser,"CC,CD","off,speed,def,CD,prot,ten","ten,speed,off,off,prot",http://swgoh.gg/characters/poggle-the-lesser/,
princess leia,3,princess leia,"CC,CD","off,speed,def,CD,prot,pot","ten,CC,off,off,speed",http://swgoh.gg/characters/princess-leia/,
qi'ra,,qi'ra,"speed,pot","off,speed,def,off,health,pot","speed,off,off,pot,ten",http://swgoh.gg/characters/qira/,
qui-gon jinn,3,qui-gon jinn,,,,http://swgoh.gg/characters/qui-gon-jinn/,
r2-d2,7,r2-d2,"off,health","off,speed,def,off,health,ten","speed,ten,off,off,CC",http://swgoh.gg/characters/r2-d2/,
range trooper,,range trooper,"CC,pot,ten","off,speed,def,CD,prot,ten","pot,ten,speed,off,off",http://swgoh.gg/characters/range-trooper/,
rebel officer leia organa,3,rebel officer leia organa,"speed,ten","off,speed,def,health,ten","ten,speed,health,health,prot",http://swgoh.gg/characters/rebel-officer-leia-organa/,
resistance hero finn,5,resistance hero finn,"pot,off","off,speed,def,off,health,pot","pot,ten,speed,off,off",http://swgoh.gg/characters/resistance-hero-finn/,
resistance hero poe,5,resistance hero poe,"CD,ten","off,speed,def,CD,prot,pot","ten,speed,CC,off,off",http://swgoh.gg/characters/resistance-hero-poe/,
resistance pilot,3,resistance pilot,,,,http://swgoh.gg/characters/resistance-pilot/,
resistance trooper,5,resistance trooper,"health,speed","off,speed,def,off,health,ten","health,health,speed,off,off",http://swgoh.gg/characters/resistance-trooper/,
rey,,rey,"def,CD","off,speed,def,CD,health,pot","ten,speed,pot,CC,health",http://swgoh.gg/characters/rey/,
rey (jedi training),7,rey (jedi training),"ten,off","off,speed,def,off,prot,ten","ten,off,off,speed,prot",http://swgoh.gg/characters/rey-jedi-training/,
rey (scavenger),7,rey (scavenger),,,,http://swgoh.gg/characters/rey-scavenger/,
rose tico,5,rose tico,"def,def,pot","off,CA,def,health,health,ten","health,health,def,def,pot",http://swgoh.gg/characters/rose-tico/,
royal guard,3,royal guard,"CC,CD","off,speed,def,CD,health,pot","ten,pot,speed,off,off",http://swgoh.gg/characters/royal-guard/,
sabine wren,,sabine wren,,,,http://swgoh.gg/characters/sabine-wren/,
sana starros,,savage opress,,,,http://swgoh.gg/characters/sana-starros/,
savage opress,,scarif rebel pathfinder,,,,http://swgoh.gg/characters/savage-opress/,
scarif rebel pathfinder,5,second sister,,,,http://swgoh.gg/characters/scarif-rebel-pathfinder/,
second sister,5,seventh sister,"speed,health","off,speed,def,health,health,ten","speed,ten,health,health,off",http://swgoh.gg/characters/second-sister/,
seventh sister,7,shaak ti,"speed,health","off,speed,def,health,prot,ten","health,health,prot,speed,prot",http://swgoh.gg/characters/seventh-sister/,
shaak ti,,shoretrooper,"CC,CD","off,speed,def,CD,health,pot","pot,ten,speed,off,off",http://swgoh.gg/characters/shaak-ti/,
shoretrooper,,sith assassin,"def,def,def","off,CA,def,health,health,ten","ten,pot,health,health,prot",http://swgoh.gg/characters/shoretrooper/,
sith assassin,,sith empire trooper,"speed,def","off,speed,def,prot,prot,prot","prot,prot,speed,def,def",http://swgoh.gg/characters/sith-assassin/,
sith empire trooper,,sith eternal emperor,,,,http://swgoh.gg/characters/sith-empire-trooper/,
sith eternal emperor,7,sith marauder,"CD,ten","off,speed,def,CD,prot,off","ten,speed,off,off,prot",http://swgoh.gg/characters/sith-eternal-emperor/,
sith marauder,5,sith trooper,,,,http://swgoh.gg/characters/sith-marauder/,
sith trooper,5,skiff guard (lando calrissian),"CC,CD","off,speed,def,CD,prot,pot","speed,CC,ten,off,off",http://swgoh.gg/characters/sith-trooper/,
skiff guard (lando calrissian),,snowtrooper,,,,http://swgoh.gg/characters/skiff-guard-lando-calrissian/,
snowtrooper,,starkiller,"health,health,def","off,CA,def,def,health,ten","ten,health,health,prot,prot",http://swgoh.gg/characters/snowtrooper/,
starkiller,,stormtrooper,"def,def,def","off,CA,def,health,health,ten","ten,speed,health,health,def",http://swgoh.gg/characters/starkiller/,
stormtrooper,,stormtrooper han,"health,health,def","off,health,def,def,health,ten","ten,pot,health,health,def",http://swgoh.gg/characters/stormtrooper/,
stormtrooper han,,sun fac,"CD,pot","off,speed,def,CD,health,ten","pot,ten,speed,off,off",http://swgoh.gg/characters/stormtrooper-han/,
sun fac,,supreme leader kylo ren,"CC,CD","off,speed,def,CD,prot,pot","pot,ten,CC,speed,off",http://swgoh.gg/characters/sun-fac/,
supreme leader kylo ren,,t3-m4,,,,http://swgoh.gg/characters/supreme-leader-kylo-ren/,
t3-m4,,talia,"health,speed","off,speed,def,health,health,pot","speed,ten,health,health,prot",http://swgoh.gg/characters/t3-m4/,
talia,5,tech,"speed,pot","off,speed,def,health,health,pot","speed,pot,health,health,CC",http://swgoh.gg/characters/talia/,
tech,,teebo,"speed,def","off,speed,def,health,health,ten","speed,ten,health,health,def",http://swgoh.gg/characters/tech/,
teebo,,the armorer,"CC,CD","off,speed,def,CD,prot,ten","CC,off,off,speed,ten",http://swgoh.gg/characters/teebo/,
the armorer,,the mandalorian,"off,ten","off,off,def,off,prot,pot","pot,ten,speed,off,off",http://swgoh.gg/characters/the-armorer/,
the mandalorian,,the mandalorian (beskar armor),"ten,off","off,speed,def,CD,prot,off","pot,ten,speed,off,off",http://swgoh.gg/characters/the-mandalorian/,
the mandalorian (beskar armor),5,threepio & chewie,,,,http://swgoh.gg/characters/the-mandalorian-beskar-armor/,
third sister,5,tie fighter pilot,"off,pot","off,speed,def,off,health,pot","pot,speed,off%,off+,ten",http://swgoh.gg/characters/third-sister/,
threepio & chewie,5,tusken raider,,,,http://swgoh.gg/characters/threepio-&-chewie/,
tie fighter pilot,,tusken shaman,"def,def,pot","off,speed,def,prot,prot,pot","pot,ten,speed,prot,prot",http://swgoh.gg/characters/tie-fighter-pilot/,
tusken raider,,ugnaught,,,,http://swgoh.gg/characters/tusken-raider/,
tusken shaman,4,urorrur'r'r,"ten,health,health","off,speed,def,health,health,ten","speed,ten,health,health,CC",http://swgoh.gg/characters/tusken-shaman/,
ugnaught,,vandor chewbacca,"CD,health","off,off,def,CD,health,pot","ten,pot,off,off,prot",http://swgoh.gg/characters/ugnaught/,
urorrur'r'r,3,veteran smuggler chewbacca,"CD,health","off,off,def,CD,health,pot","ten,pot,off,off,prot",http://swgoh.gg/characters/urorrurrr/,
vandor chewbacca,3,veteran smuggler han solo,"health,health,ten","off,CA,def,health,health,ten","ten,speed,health,health,prot",http://swgoh.gg/characters/vandor-chewbacca/,
veteran smuggler chewbacca,,visas marr,,,,http://swgoh.gg/characters/veteran-smuggler-chewbacca/,
veteran smuggler han solo,3,wampa,"speed,health","off,speed,def,health,health,ten","pot,ten,speed,health,health",http://swgoh.gg/characters/veteran-smuggler-han-solo/,
visas marr,7,wat tambor,"CC,CD","off,speed,def,CD,prot,pot","pot,ten,speed,off,off",http://swgoh.gg/characters/visas-marr/,
wampa,3,wedge antilles,"CD,CC","off,speed,def,CD,prot,ten","CC,speed,health,health,ten",http://swgoh.gg/characters/wampa/,
wat tambor,,wicket,"def,pot,def","off,CA,def,prot,health,pot","health,health,prot,prot,ten",http://swgoh.gg/characters/wat-tambor/,
wedge antilles,5,wrecker,"CD,ten","off,speed,def,CD,prot,off","pot,CC,speed,health,off,off",http://swgoh.gg/characters/wedge-antilles/,
wicket,,young han solo,"CC,CD","off,off,def,CD,off,pot","pot,CC,CD,off,off,speed",http://swgoh.gg/characters/wicket/,
wrecker,,young lando calrissian,"def,def,pot","off,CA,def,health,health,ten","pot,ten,CC,health,health",http://swgoh.gg/characters/wrecker/,
young han solo,,zaalbar,"speed,pot","off,speed,def,prot,prot,pot","speed,pot,prot,prot,off",http://swgoh.gg/characters/young-han-solo/,
young lando calrissian,7,zam wesell,,,,http://swgoh.gg/characters/young-lando-calrissian/,
zaalbar,,doctor aphra,,,,http://swgoh.gg/characters/zaalbar/,
zam wesell,,,,,,http://swgoh.gg/characters/zam-wesell/,